UID,채무 불이행 확률
TEST_0000,0.45247838
TEST_0001,0.48957717
TEST_0002,0.48717344
TEST_0003,0.3110842
TEST_0004,0.49911773
TEST_0005,0.45579925
TEST_0006,0.683267
TEST_0007,0.6345966
TEST_0008,4.4209297e-05
TEST_0009,0.5405276
TEST_0010,0.50390726
TEST_0011,0.43560955
TEST_0012,0.39753583
TEST_0013,0.5507577
TEST_0014,0.6210827
TEST_0015,0.3193255
TEST_0016,0.57309145
TEST_0017,0.44741008
TEST_0018,0.3251039
TEST_0019,0.53883356
TEST_0020,0.40777108
TEST_0021,0.6348265
TEST_0022,0.32161626
TEST_0023,0.46270058
TEST_0024,0.3993549
TEST_0025,0.4776847
TEST_0026,0.61459386
TEST_0027,0.58647484
TEST_0028,0.4973874
TEST_0029,0.73981875
TEST_0030,0.4385328
TEST_0031,0.20327322
TEST_0032,0.48073575
TEST_0033,0.641271
TEST_0034,0.3516097
TEST_0035,0.25304428
TEST_0036,0.60954434
TEST_0037,0.40428695
TEST_0038,0.46535125
TEST_0039,0.6405685
TEST_0040,0.5813749
TEST_0041,0.46563601
TEST_0042,0.13236934
TEST_0043,0.5069657
TEST_0044,0.28955433
TEST_0045,0.3264936
TEST_0046,0.44816357
TEST_0047,0.38429677
TEST_0048,0.62895554
TEST_0049,0.37333462
TEST_0050,0.4582013
TEST_0051,0.13993615
TEST_0052,0.5222441
TEST_0053,0.64144886
TEST_0054,0.42026192
TEST_0055,0.4712386
TEST_0056,0.2615313
TEST_0057,0.32967907
TEST_0058,0.5622993
TEST_0059,0.49048844
TEST_0060,0.3379626
TEST_0061,0.36173242
TEST_0062,0.43330374
TEST_0063,0.44789943
TEST_0064,0.4713863
TEST_0065,0.4663984
TEST_0066,0.35474956
TEST_0067,0.3176166
TEST_0068,0.36076963
TEST_0069,0.56926876
TEST_0070,0.37415195
TEST_0071,0.537703
TEST_0072,0.38156712
TEST_0073,0.32796097
TEST_0074,0.47589874
TEST_0075,0.40117627
TEST_0076,0.40257645
TEST_0077,0.25183713
TEST_0078,0.10408033
TEST_0079,0.38461828
TEST_0080,0.40719128
TEST_0081,0.49319062
TEST_0082,0.60469496
TEST_0083,0.4506457
TEST_0084,0.5871945
TEST_0085,0.44924268
TEST_0086,0.6206402
TEST_0087,0.48661444
TEST_0088,0.18294846
TEST_0089,0.52684027
TEST_0090,0.493324
TEST_0091,0.535361
TEST_0092,0.54055434
TEST_0093,0.57700586
TEST_0094,0.32775268
TEST_0095,0.35874796
TEST_0096,0.2807217
TEST_0097,0.5439586
TEST_0098,0.2774091
TEST_0099,0.4227372
TEST_0100,0.4847617
TEST_0101,0.3483318
TEST_0102,0.43328995
TEST_0103,0.45898727
TEST_0104,0.62778664
TEST_0105,0.3451846
TEST_0106,0.5383971
TEST_0107,0.49591592
TEST_0108,0.42585438
TEST_0109,0.3682514
TEST_0110,0.3862339
TEST_0111,0.5395081
TEST_0112,0.53349996
TEST_0113,0.5572584
TEST_0114,0.50483555
TEST_0115,0.42069137
TEST_0116,0.6226883
TEST_0117,0.30923736
TEST_0118,0.4000781
TEST_0119,0.6920905
TEST_0120,0.31091428
TEST_0121,0.4261184
TEST_0122,0.28036466
TEST_0123,0.3293226
TEST_0124,0.43698987
TEST_0125,0.32639846
TEST_0126,0.3822145
TEST_0127,0.44288984
TEST_0128,0.24696067
TEST_0129,0.8349567
TEST_0130,0.50102425
TEST_0131,0.4587637
TEST_0132,0.6397477
TEST_0133,0.39742547
TEST_0134,0.5903536
TEST_0135,0.5865261
TEST_0136,0.62469983
TEST_0137,0.5379222
TEST_0138,0.5368396
TEST_0139,0.6676738
TEST_0140,0.4966404
TEST_0141,0.6407468
TEST_0142,0.36096162
TEST_0143,0.3701346
TEST_0144,0.4875447
TEST_0145,0.4724618
TEST_0146,0.41707662
TEST_0147,0.47662276
TEST_0148,0.61363465
TEST_0149,0.57845265
TEST_0150,0.5832197
TEST_0151,0.50728273
TEST_0152,0.7119847
TEST_0153,0.29409075
TEST_0154,0.6641067
TEST_0155,0.25561908
TEST_0156,0.66052604
TEST_0157,0.24054794
TEST_0158,0.59104466
TEST_0159,0.14262973
TEST_0160,0.58832985
TEST_0161,0.5010267
TEST_0162,0.4004681
TEST_0163,0.537601
TEST_0164,0.34122804
TEST_0165,0.19908752
TEST_0166,0.48646358
TEST_0167,0.7484442
TEST_0168,0.43396053
TEST_0169,0.68340653
TEST_0170,0.6073591
TEST_0171,0.44537878
TEST_0172,0.39247784
TEST_0173,0.31073853
TEST_0174,0.36484477
TEST_0175,0.530269
TEST_0176,0.55965894
TEST_0177,0.5290708
TEST_0178,0.40534228
TEST_0179,0.6494322
TEST_0180,0.4202401
TEST_0181,0.25412393
TEST_0182,0.32263905
TEST_0183,0.39519864
TEST_0184,0.48119688
TEST_0185,0.3117576
TEST_0186,0.27360353
TEST_0187,0.3875684
TEST_0188,0.40510207
TEST_0189,0.43068078
TEST_0190,0.59585494
TEST_0191,0.16640164
TEST_0192,0.43319294
TEST_0193,0.25589004
TEST_0194,0.13000377
TEST_0195,0.31105325
TEST_0196,0.6626698
TEST_0197,0.78682834
TEST_0198,0.46811104
TEST_0199,0.63746935
TEST_0200,0.22317511
TEST_0201,0.47332406
TEST_0202,0.42230436
TEST_0203,0.30253893
TEST_0204,0.45386928
TEST_0205,0.6542608
TEST_0206,0.4447657
TEST_0207,0.11482858
TEST_0208,0.39877614
TEST_0209,0.7115789
TEST_0210,0.3896364
TEST_0211,0.7140985
TEST_0212,0.5791157
TEST_0213,0.4056273
TEST_0214,0.379503
TEST_0215,0.35514203
TEST_0216,0.3571629
TEST_0217,0.34361044
TEST_0218,0.081534766
TEST_0219,0.51582676
TEST_0220,0.5241595
TEST_0221,0.4708231
TEST_0222,0.69949067
TEST_0223,0.46010846
TEST_0224,0.24408315
TEST_0225,0.334528
TEST_0226,0.48322988
TEST_0227,0.6268453
TEST_0228,0.4364515
TEST_0229,0.21826658
TEST_0230,0.5189589
TEST_0231,0.7144985
TEST_0232,0.43471912
TEST_0233,0.3889951
TEST_0234,0.39142898
TEST_0235,0.5513855
TEST_0236,0.26695758
TEST_0237,0.39268118
TEST_0238,0.39025283
TEST_0239,0.31824327
TEST_0240,0.5394093
TEST_0241,0.4119993
TEST_0242,0.42687455
TEST_0243,0.51302606
TEST_0244,0.34796754
TEST_0245,0.62374836
TEST_0246,0.3382275
TEST_0247,0.71196723
TEST_0248,0.39530227
TEST_0249,0.58221906
TEST_0250,0.21848579
TEST_0251,0.78797483
TEST_0252,0.67745036
TEST_0253,0.5776897
TEST_0254,0.04633179
TEST_0255,0.57240915
TEST_0256,0.63098747
TEST_0257,0.25060746
TEST_0258,0.25194612
TEST_0259,0.17985149
TEST_0260,0.15719822
TEST_0261,0.5306336
TEST_0262,0.44043806
TEST_0263,0.48802313
TEST_0264,0.6175645
TEST_0265,0.5033765
TEST_0266,0.3071823
TEST_0267,0.16751939
TEST_0268,0.5721054
TEST_0269,0.41909268
TEST_0270,0.35811484
TEST_0271,0.337758
TEST_0272,0.41622168
TEST_0273,0.6034857
TEST_0274,0.24467671
TEST_0275,0.23753391
TEST_0276,0.4037012
TEST_0277,0.33430836
TEST_0278,0.27328503
TEST_0279,0.41828188
TEST_0280,0.56242377
TEST_0281,0.16118313
TEST_0282,0.1908741
TEST_0283,0.67644155
TEST_0284,0.3966481
TEST_0285,0.5320231
TEST_0286,0.3940783
TEST_0287,0.53516066
TEST_0288,0.4589535
TEST_0289,0.16603394
TEST_0290,0.59377766
TEST_0291,0.3482154
TEST_0292,0.43888053
TEST_0293,0.37638056
TEST_0294,0.190374
TEST_0295,0.7789849
TEST_0296,0.29450256
TEST_0297,0.3408037
TEST_0298,0.6280166
TEST_0299,0.5614176
TEST_0300,0.7098079
TEST_0301,0.31162372
TEST_0302,0.64472765
TEST_0303,0.48386356
TEST_0304,0.27899793
TEST_0305,0.39666912
TEST_0306,0.5069745
TEST_0307,0.68974984
TEST_0308,0.7606223
TEST_0309,0.3389656
TEST_0310,0.10884373
TEST_0311,0.6037505
TEST_0312,0.5221899
TEST_0313,0.29518119
TEST_0314,0.74006253
TEST_0315,0.42836177
TEST_0316,0.15810527
TEST_0317,0.5758751
TEST_0318,0.46459895
TEST_0319,0.47489274
TEST_0320,0.5167499
TEST_0321,0.6662907
TEST_0322,0.65012306
TEST_0323,0.3283242
TEST_0324,0.7018226
TEST_0325,0.4047834
TEST_0326,0.55717796
TEST_0327,0.38933435
TEST_0328,0.6353292
TEST_0329,0.52457637
TEST_0330,0.107550174
TEST_0331,0.36592245
TEST_0332,0.5489689
TEST_0333,0.46661565
TEST_0334,0.5189089
TEST_0335,0.51053834
TEST_0336,0.28687197
TEST_0337,0.60422295
TEST_0338,0.50760937
TEST_0339,0.22871107
TEST_0340,0.5903702
TEST_0341,0.37585315
TEST_0342,0.5707727
TEST_0343,0.5922444
TEST_0344,0.41873932
TEST_0345,0.49899638
TEST_0346,0.48243073
TEST_0347,0.5718693
TEST_0348,0.64192414
TEST_0349,0.73277503
TEST_0350,0.5594465
TEST_0351,0.32892177
TEST_0352,0.40140775
TEST_0353,0.43363386
TEST_0354,0.4300932
TEST_0355,0.59633327
TEST_0356,0.5114867
TEST_0357,0.23522563
TEST_0358,0.45630723
TEST_0359,0.62617975
TEST_0360,0.17139836
TEST_0361,0.5700434
TEST_0362,0.437518
TEST_0363,0.50304675
TEST_0364,0.44815594
TEST_0365,0.38123265
TEST_0366,0.34210235
TEST_0367,0.62181056
TEST_0368,0.45485294
TEST_0369,0.5908648
TEST_0370,0.5373488
TEST_0371,0.3634721
TEST_0372,0.41250902
TEST_0373,0.24211313
TEST_0374,0.5191746
TEST_0375,0.18326494
TEST_0376,0.4222983
TEST_0377,0.5164379
TEST_0378,0.6025465
TEST_0379,0.8669834
TEST_0380,0.4040019
TEST_0381,0.67902625
TEST_0382,0.45770237
TEST_0383,0.43539023
TEST_0384,0.45544747
TEST_0385,0.569443
TEST_0386,0.43909556
TEST_0387,0.67122495
TEST_0388,0.32213843
TEST_0389,0.43091986
TEST_0390,0.38764158
TEST_0391,0.5977757
TEST_0392,0.49572423
TEST_0393,0.55938953
TEST_0394,0.2944138
TEST_0395,0.4621288
TEST_0396,0.5788101
TEST_0397,0.48678115
TEST_0398,0.531151
TEST_0399,0.35213828
TEST_0400,0.37741232
TEST_0401,0.28697306
TEST_0402,0.49962133
TEST_0403,0.4295032
TEST_0404,0.70702124
TEST_0405,0.49066702
TEST_0406,0.50964504
TEST_0407,0.6462683
TEST_0408,0.21017417
TEST_0409,0.5712517
TEST_0410,0.32307646
TEST_0411,0.5827792
TEST_0412,0.46555796
TEST_0413,0.30952412
TEST_0414,0.18992588
TEST_0415,0.6871966
TEST_0416,0.20907018
TEST_0417,0.6115268
TEST_0418,0.4384546
TEST_0419,0.6002489
TEST_0420,0.5249218
TEST_0421,0.5741989
TEST_0422,0.3230044
TEST_0423,0.23013034
TEST_0424,0.5728534
TEST_0425,0.53564095
TEST_0426,0.5902745
TEST_0427,0.40158883
TEST_0428,0.5696798
TEST_0429,0.4150171
TEST_0430,0.32312799
TEST_0431,0.43634206
TEST_0432,0.27994466
TEST_0433,0.46032032
TEST_0434,0.5560822
TEST_0435,0.6672201
TEST_0436,0.3773227
TEST_0437,0.60172373
TEST_0438,0.35818803
TEST_0439,0.3638543
TEST_0440,0.44753224
TEST_0441,0.32558912
TEST_0442,0.3173994
TEST_0443,0.25668487
TEST_0444,0.5784923
TEST_0445,0.1287154
TEST_0446,0.23559524
TEST_0447,0.55417913
TEST_0448,0.4183257
TEST_0449,0.44790426
TEST_0450,0.2840022
TEST_0451,0.52851987
TEST_0452,0.63908255
TEST_0453,0.35893118
TEST_0454,0.53813297
TEST_0455,0.30952173
TEST_0456,0.39944938
TEST_0457,0.5342027
TEST_0458,0.30705556
TEST_0459,0.5979731
TEST_0460,0.30840284
TEST_0461,0.5115966
TEST_0462,0.2712841
TEST_0463,0.62451816
TEST_0464,0.5237758
TEST_0465,0.19332393
TEST_0466,0.4350666
TEST_0467,0.39138618
TEST_0468,0.42935467
TEST_0469,0.4090963
TEST_0470,0.4539808
TEST_0471,0.44918716
TEST_0472,0.2901946
TEST_0473,0.25330293
TEST_0474,0.34201556
TEST_0475,0.34985057
TEST_0476,0.6646776
TEST_0477,0.42365372
TEST_0478,0.52419484
TEST_0479,0.6485421
TEST_0480,0.6198209
TEST_0481,0.43768036
TEST_0482,0.34160626
TEST_0483,0.27377316
TEST_0484,0.18062362
TEST_0485,0.6941437
TEST_0486,0.224722
TEST_0487,0.36836982
TEST_0488,0.58574975
TEST_0489,0.33930802
TEST_0490,0.3961315
TEST_0491,0.15545857
TEST_0492,0.45805198
TEST_0493,0.42409524
TEST_0494,0.6089343
TEST_0495,0.5903087
TEST_0496,0.46284407
TEST_0497,0.5235543
TEST_0498,0.36019874
TEST_0499,0.50886756
TEST_0500,0.31339628
TEST_0501,0.496567
TEST_0502,0.55836415
TEST_0503,0.49359944
TEST_0504,0.23539189
TEST_0505,0.20786116
TEST_0506,0.45059505
TEST_0507,0.57978123
TEST_0508,0.4245204
TEST_0509,0.47663933
TEST_0510,0.55883133
TEST_0511,0.6578015
TEST_0512,0.6616001
TEST_0513,0.38103577
TEST_0514,0.30760702
TEST_0515,0.666787
TEST_0516,0.34677947
TEST_0517,0.56354535
TEST_0518,0.5692419
TEST_0519,0.32207686
TEST_0520,0.54941446
TEST_0521,0.30483723
TEST_0522,0.34875917
TEST_0523,0.3118039
TEST_0524,0.38354585
TEST_0525,0.47145975
TEST_0526,0.55755115
TEST_0527,0.2390029
TEST_0528,0.6184483
TEST_0529,0.5374532
TEST_0530,0.15491454
TEST_0531,0.5191487
TEST_0532,0.49285957
TEST_0533,0.44067597
TEST_0534,0.52419335
TEST_0535,0.5356509
TEST_0536,0.42652172
TEST_0537,0.39332324
TEST_0538,0.5606951
TEST_0539,0.69684947
TEST_0540,0.50507635
TEST_0541,0.37166277
TEST_0542,0.55286664
TEST_0543,0.30244425
TEST_0544,0.5604632
TEST_0545,0.27222148
TEST_0546,0.32630867
TEST_0547,0.6956425
TEST_0548,0.45347
TEST_0549,0.6598292
TEST_0550,0.40900534
TEST_0551,0.5965489
TEST_0552,0.55915964
TEST_0553,0.4180713
TEST_0554,0.35058686
TEST_0555,0.48357588
TEST_0556,0.56136155
TEST_0557,0.42134422
TEST_0558,0.256037
TEST_0559,0.74139744
TEST_0560,0.2278121
TEST_0561,0.35498777
TEST_0562,0.51271266
TEST_0563,0.74085045
TEST_0564,0.5103547
TEST_0565,0.50595444
TEST_0566,0.41223094
TEST_0567,0.5775584
TEST_0568,0.32693633
TEST_0569,0.34596825
TEST_0570,0.37342057
TEST_0571,0.2921241
TEST_0572,0.5057966
TEST_0573,0.2697919
TEST_0574,0.44126293
TEST_0575,0.36085498
TEST_0576,0.4341643
TEST_0577,0.20586406
TEST_0578,0.44145596
TEST_0579,0.39644507
TEST_0580,0.40247512
TEST_0581,0.46420717
TEST_0582,0.6301644
TEST_0583,0.45342878
TEST_0584,0.71661174
TEST_0585,0.3153892
TEST_0586,0.45845932
TEST_0587,0.3451169
TEST_0588,0.69018173
TEST_0589,0.68941414
TEST_0590,0.6005323
TEST_0591,0.30222887
TEST_0592,0.30779266
TEST_0593,0.7158315
TEST_0594,0.6074507
TEST_0595,0.5578193
TEST_0596,0.42068192
TEST_0597,0.39998603
TEST_0598,0.47148955
TEST_0599,0.6292985
TEST_0600,0.28180784
TEST_0601,0.49767703
TEST_0602,0.5960114
TEST_0603,0.61923283
TEST_0604,0.76244754
TEST_0605,0.3959823
TEST_0606,0.4734478
TEST_0607,0.39974222
TEST_0608,0.21255209
TEST_0609,0.48850662
TEST_0610,0.19066362
TEST_0611,0.55995166
TEST_0612,0.36458784
TEST_0613,0.456767
TEST_0614,0.2078364
TEST_0615,0.48599303
TEST_0616,0.53817487
TEST_0617,0.4368571
TEST_0618,0.3483147
TEST_0619,0.49160558
TEST_0620,0.50036955
TEST_0621,0.35641426
TEST_0622,0.52130526
TEST_0623,0.6242975
TEST_0624,0.6308035
TEST_0625,0.07418624
TEST_0626,0.6002766
TEST_0627,0.3780755
TEST_0628,0.5281766
TEST_0629,0.39999053
TEST_0630,0.60191303
TEST_0631,0.23568182
TEST_0632,0.45682794
TEST_0633,0.47168446
TEST_0634,0.6180478
TEST_0635,0.33768383
TEST_0636,0.5576889
TEST_0637,0.43080053
TEST_0638,0.5908398
TEST_0639,0.67070013
TEST_0640,0.39249775
TEST_0641,0.62441725
TEST_0642,0.39614716
TEST_0643,0.50029075
TEST_0644,0.4007054
TEST_0645,0.4471243
TEST_0646,0.69167244
TEST_0647,0.44535828
TEST_0648,0.6064386
TEST_0649,0.6184152
TEST_0650,0.6264242
TEST_0651,0.24868168
TEST_0652,0.3475588
TEST_0653,0.63276494
TEST_0654,0.41498077
TEST_0655,0.51804477
TEST_0656,0.30487254
TEST_0657,0.65527177
TEST_0658,0.47960183
TEST_0659,0.2590277
TEST_0660,0.6022959
TEST_0661,0.44350904
TEST_0662,0.14492838
TEST_0663,0.5265875
TEST_0664,0.4634501
TEST_0665,0.32767922
TEST_0666,0.73375124
TEST_0667,0.40909487
TEST_0668,0.5140992
TEST_0669,0.603682
TEST_0670,0.15399043
TEST_0671,0.16233115
TEST_0672,0.20819704
TEST_0673,0.6203142
TEST_0674,0.36114588
TEST_0675,0.35865992
TEST_0676,0.16591436
TEST_0677,0.7281979
TEST_0678,0.5214586
TEST_0679,0.6077469
TEST_0680,0.47600555
TEST_0681,0.20228754
TEST_0682,0.4162044
TEST_0683,0.64192146
TEST_0684,0.5058674
TEST_0685,0.44629773
TEST_0686,0.3210746
TEST_0687,0.42872143
TEST_0688,0.68340683
TEST_0689,0.49778187
TEST_0690,0.6371294
TEST_0691,0.37486255
TEST_0692,0.510264
TEST_0693,0.22630061
TEST_0694,0.48707938
TEST_0695,0.5144197
TEST_0696,0.3413475
TEST_0697,0.48353505
TEST_0698,0.5503085
TEST_0699,0.22963715
TEST_0700,0.25107142
TEST_0701,0.67206323
TEST_0702,0.13500899
TEST_0703,0.22554137
TEST_0704,0.47625884
TEST_0705,0.46167094
TEST_0706,0.3398268
TEST_0707,0.64427084
TEST_0708,0.57086223
TEST_0709,0.6648941
TEST_0710,0.38891903
TEST_0711,0.44030222
TEST_0712,0.4135476
TEST_0713,0.3337514
TEST_0714,0.3316251
TEST_0715,0.5937961
TEST_0716,0.6871991
TEST_0717,0.6857165
TEST_0718,0.381122
TEST_0719,0.5042489
TEST_0720,0.5752281
TEST_0721,0.55154216
TEST_0722,0.08887034
TEST_0723,0.4786842
TEST_0724,0.58595073
TEST_0725,0.30864832
TEST_0726,0.4603334
TEST_0727,0.21270914
TEST_0728,0.5427653
TEST_0729,0.16007634
TEST_0730,0.31119543
TEST_0731,0.3321712
TEST_0732,0.53379524
TEST_0733,0.5575847
TEST_0734,0.53704417
TEST_0735,0.5527556
TEST_0736,0.2341371
TEST_0737,0.43137628
TEST_0738,0.4547811
TEST_0739,0.16482626
TEST_0740,0.5018942
TEST_0741,0.5368413
TEST_0742,0.5174524
TEST_0743,0.53332824
TEST_0744,0.30203852
TEST_0745,0.40600064
TEST_0746,0.3395648
TEST_0747,0.53870136
TEST_0748,0.74339795
TEST_0749,0.6722157
TEST_0750,0.70498985
TEST_0751,0.33833706
TEST_0752,0.70936984
TEST_0753,0.70477206
TEST_0754,0.6517075
TEST_0755,0.45920897
TEST_0756,0.52358574
TEST_0757,0.45055404
TEST_0758,0.41051242
TEST_0759,0.33224833
TEST_0760,0.3630772
TEST_0761,0.4759358
TEST_0762,0.25364557
TEST_0763,0.38669026
TEST_0764,0.30272552
TEST_0765,0.3913108
TEST_0766,0.61777294
TEST_0767,0.18137278
TEST_0768,0.604271
TEST_0769,0.6319574
TEST_0770,0.46938205
TEST_0771,0.49303663
TEST_0772,0.09466617
TEST_0773,0.22343877
TEST_0774,0.51759434
TEST_0775,0.36605617
TEST_0776,0.6179342
TEST_0777,0.26549953
TEST_0778,0.70246017
TEST_0779,0.6153331
TEST_0780,0.6941758
TEST_0781,0.21620053
TEST_0782,0.4426312
TEST_0783,0.19121547
TEST_0784,0.3268413
TEST_0785,0.5913088
TEST_0786,0.50161266
TEST_0787,0.32498214
TEST_0788,0.70314026
TEST_0789,0.47705382
TEST_0790,0.4606666
TEST_0791,0.7480203
TEST_0792,0.31135958
TEST_0793,0.38473725
TEST_0794,0.39636114
TEST_0795,0.1832328
TEST_0796,0.31713176
TEST_0797,0.69360363
TEST_0798,0.5578091
TEST_0799,0.39659116
TEST_0800,0.48386773
TEST_0801,0.7247398
TEST_0802,0.32778314
TEST_0803,0.334153
TEST_0804,0.5759553
TEST_0805,0.12925917
TEST_0806,0.5533255
TEST_0807,0.44936252
TEST_0808,0.5292039
TEST_0809,0.24805547
TEST_0810,0.40845013
TEST_0811,0.3390957
TEST_0812,0.5731856
TEST_0813,0.40568507
TEST_0814,0.5245608
TEST_0815,0.5257194
TEST_0816,0.52948666
TEST_0817,0.3429986
TEST_0818,0.50473374
TEST_0819,0.49972
TEST_0820,0.6785597
TEST_0821,0.4270537
TEST_0822,0.74518216
TEST_0823,0.3719733
TEST_0824,0.555318
TEST_0825,0.3720565
TEST_0826,0.5965656
TEST_0827,0.28959247
TEST_0828,0.5165165
TEST_0829,0.630927
TEST_0830,0.3274455
TEST_0831,0.49374843
TEST_0832,0.49495405
TEST_0833,0.59881586
TEST_0834,0.32359812
TEST_0835,0.5708848
TEST_0836,0.47467014
TEST_0837,0.31632692
TEST_0838,0.6571834
TEST_0839,0.34327808
TEST_0840,0.16127028
TEST_0841,0.24894388
TEST_0842,0.50283587
TEST_0843,0.37576872
TEST_0844,0.5642875
TEST_0845,0.3967859
TEST_0846,0.46379974
TEST_0847,0.612288
TEST_0848,0.6571137
TEST_0849,0.7199371
TEST_0850,0.44539458
TEST_0851,0.5009429
TEST_0852,0.5656463
TEST_0853,0.34878182
TEST_0854,0.38070956
TEST_0855,0.35879275
TEST_0856,0.649706
TEST_0857,0.59025353
TEST_0858,0.33265644
TEST_0859,0.7018426
TEST_0860,0.4404696
TEST_0861,0.38965857
TEST_0862,0.45881304
TEST_0863,0.41554415
TEST_0864,0.53472334
TEST_0865,0.41437405
TEST_0866,0.6618961
TEST_0867,0.54308647
TEST_0868,0.3140916
TEST_0869,0.6089561
TEST_0870,0.49359167
TEST_0871,0.3627025
TEST_0872,0.49088234
TEST_0873,0.4933866
TEST_0874,0.45663142
TEST_0875,0.7596944
TEST_0876,0.4810436
TEST_0877,0.64508325
TEST_0878,0.46959823
TEST_0879,0.3840283
TEST_0880,0.38447338
TEST_0881,0.083552465
TEST_0882,0.7481693
TEST_0883,0.5111024
TEST_0884,0.52778375
TEST_0885,0.4575215
TEST_0886,0.5771881
TEST_0887,0.44604075
TEST_0888,0.46507484
TEST_0889,0.30258176
TEST_0890,0.4225306
TEST_0891,0.31497964
TEST_0892,0.6306041
TEST_0893,0.36916965
TEST_0894,0.50583875
TEST_0895,0.5616464
TEST_0896,0.5020244
TEST_0897,0.6582885
TEST_0898,0.46813267
TEST_0899,0.66453147
TEST_0900,0.42506152
TEST_0901,0.39860645
TEST_0902,0.6997171
TEST_0903,0.15790625
TEST_0904,0.5200919
TEST_0905,0.3738546
TEST_0906,0.5328852
TEST_0907,0.33614692
TEST_0908,0.46707514
TEST_0909,0.47007102
TEST_0910,0.35479546
TEST_0911,0.51289344
TEST_0912,0.6647491
TEST_0913,0.5379059
TEST_0914,0.57236385
TEST_0915,0.5389113
TEST_0916,0.32711285
TEST_0917,0.45465064
TEST_0918,0.55141205
TEST_0919,0.22065417
TEST_0920,0.2000811
TEST_0921,0.55414325
TEST_0922,0.46923488
TEST_0923,0.6108732
TEST_0924,0.45059878
TEST_0925,0.469778
TEST_0926,0.21524742
TEST_0927,0.42901653
TEST_0928,0.40244544
TEST_0929,0.47979888
TEST_0930,0.21366845
TEST_0931,0.2489015
TEST_0932,0.37277833
TEST_0933,0.4011409
TEST_0934,0.45453775
TEST_0935,0.7144177
TEST_0936,0.55408496
TEST_0937,0.31084692
TEST_0938,0.278485
TEST_0939,0.30533865
TEST_0940,0.2964909
TEST_0941,0.6154304
TEST_0942,0.43176556
TEST_0943,0.330969
TEST_0944,0.4039404
TEST_0945,0.6152399
TEST_0946,0.16788094
TEST_0947,0.5757985
TEST_0948,0.45471832
TEST_0949,0.35367614
TEST_0950,0.42090437
TEST_0951,0.70324177
TEST_0952,0.48387834
TEST_0953,0.6657982
TEST_0954,0.27390906
TEST_0955,0.57502747
TEST_0956,0.46638876
TEST_0957,0.3479456
TEST_0958,0.62115425
TEST_0959,0.64921737
TEST_0960,0.2303912
TEST_0961,0.5397423
TEST_0962,0.4557518
TEST_0963,0.41079354
TEST_0964,0.51463103
TEST_0965,0.33990827
TEST_0966,0.631183
TEST_0967,0.5733035
TEST_0968,0.36081904
TEST_0969,0.48207852
TEST_0970,0.3627143
TEST_0971,0.2915073
TEST_0972,0.31236535
TEST_0973,0.40146437
TEST_0974,0.26178047
TEST_0975,0.5341515
TEST_0976,0.42878056
TEST_0977,0.3476955
TEST_0978,0.9883808
TEST_0979,0.59851354
TEST_0980,0.4269328
TEST_0981,0.6062981
TEST_0982,0.43302247
TEST_0983,0.44496754
TEST_0984,0.9508859
TEST_0985,0.74032784
TEST_0986,0.21146917
TEST_0987,0.5285627
TEST_0988,0.48888013
TEST_0989,0.38820595
TEST_0990,0.50084436
TEST_0991,0.50608027
TEST_0992,0.4614219
TEST_0993,0.4950467
TEST_0994,0.40492955
TEST_0995,0.21583343
TEST_0996,0.15535457
TEST_0997,0.38527468
TEST_0998,0.3946693
TEST_0999,0.46986812
TEST_1000,0.5179147
TEST_1001,0.5121525
TEST_1002,0.5694233
TEST_1003,0.3820724
TEST_1004,0.54876983
TEST_1005,0.4856541
TEST_1006,0.5068902
TEST_1007,0.6519126
TEST_1008,0.7396815
TEST_1009,0.44069278
TEST_1010,0.47186795
TEST_1011,0.33113122
TEST_1012,0.2274947
TEST_1013,0.27901798
TEST_1014,0.6672358
TEST_1015,0.3541619
TEST_1016,0.1870144
TEST_1017,0.3136949
TEST_1018,0.19507277
TEST_1019,0.49871945
TEST_1020,0.40736347
TEST_1021,0.6029698
TEST_1022,0.5924435
TEST_1023,0.6450875
TEST_1024,0.38972408
TEST_1025,0.16116798
TEST_1026,0.6717079
TEST_1027,0.47156385
TEST_1028,0.50599015
TEST_1029,0.8124077
TEST_1030,0.39718467
TEST_1031,0.3391394
TEST_1032,0.53688204
TEST_1033,0.5350885
TEST_1034,0.36436152
TEST_1035,0.35422987
TEST_1036,0.47916737
TEST_1037,0.49594933
TEST_1038,0.45099026
TEST_1039,0.59487
TEST_1040,0.22630271
TEST_1041,0.5669243
TEST_1042,0.58158374
TEST_1043,0.4424942
TEST_1044,0.31372854
TEST_1045,0.5705575
TEST_1046,0.57333034
TEST_1047,0.5203876
TEST_1048,0.3784888
TEST_1049,0.42945597
TEST_1050,0.3652308
TEST_1051,0.5345663
TEST_1052,0.40550292
TEST_1053,0.5159887
TEST_1054,0.5545389
TEST_1055,0.50370926
TEST_1056,0.73806214
TEST_1057,0.47479576
TEST_1058,0.40952033
TEST_1059,0.3528408
TEST_1060,0.7164419
TEST_1061,0.35706347
TEST_1062,0.74970293
TEST_1063,0.6155773
TEST_1064,0.47945577
TEST_1065,0.56398904
TEST_1066,0.5485493
TEST_1067,0.51333916
TEST_1068,0.50273687
TEST_1069,0.5006241
TEST_1070,0.32749066
TEST_1071,0.3973149
TEST_1072,0.32591006
TEST_1073,0.38516414
TEST_1074,0.3507866
TEST_1075,0.44786653
TEST_1076,0.42118615
TEST_1077,0.13078152
TEST_1078,0.3738804
TEST_1079,0.39914572
TEST_1080,0.47743145
TEST_1081,0.17787078
TEST_1082,0.42961702
TEST_1083,0.40270627
TEST_1084,0.33781004
TEST_1085,0.26167884
TEST_1086,0.80737144
TEST_1087,0.38692242
TEST_1088,0.36652848
TEST_1089,0.45912728
TEST_1090,0.6544199
TEST_1091,0.401296
TEST_1092,0.33080867
TEST_1093,0.51183736
TEST_1094,0.46919778
TEST_1095,0.4445772
TEST_1096,0.37473747
TEST_1097,0.46178475
TEST_1098,0.5292224
TEST_1099,0.59987295
TEST_1100,0.46569267
TEST_1101,0.39978683
TEST_1102,0.6284669
TEST_1103,0.42514858
TEST_1104,0.4192422
TEST_1105,0.33609617
TEST_1106,0.46317935
TEST_1107,0.27472872
TEST_1108,0.5552463
TEST_1109,0.6068081
TEST_1110,0.49726298
TEST_1111,0.70878726
TEST_1112,0.2415501
TEST_1113,0.21534081
TEST_1114,0.55824524
TEST_1115,0.36950853
TEST_1116,0.44921088
TEST_1117,0.5377891
TEST_1118,0.45218107
TEST_1119,0.5418013
TEST_1120,0.4982989
TEST_1121,0.34155586
TEST_1122,0.4257556
TEST_1123,0.5104322
TEST_1124,0.5167019
TEST_1125,0.40356997
TEST_1126,0.26028603
TEST_1127,0.4899433
TEST_1128,0.51053023
TEST_1129,0.4914761
TEST_1130,0.46274015
TEST_1131,0.46716848
TEST_1132,0.61187136
TEST_1133,0.3379655
TEST_1134,0.61610514
TEST_1135,0.6592531
TEST_1136,0.526351
TEST_1137,0.26607174
TEST_1138,0.5996113
TEST_1139,0.3809492
TEST_1140,0.4691586
TEST_1141,0.46894866
TEST_1142,0.23066305
TEST_1143,0.40422413
TEST_1144,0.5500395
TEST_1145,0.40578303
TEST_1146,0.68243366
TEST_1147,0.7581289
TEST_1148,0.5137011
TEST_1149,0.38517857
TEST_1150,0.5104401
TEST_1151,0.5761927
TEST_1152,0.20703664
TEST_1153,0.33956686
TEST_1154,0.29907343
TEST_1155,0.43533736
TEST_1156,0.48755518
TEST_1157,0.49758196
TEST_1158,0.5265819
TEST_1159,0.499914
TEST_1160,0.5085569
TEST_1161,0.6137245
TEST_1162,0.37365577
TEST_1163,0.22478358
TEST_1164,0.45193258
TEST_1165,0.51633584
TEST_1166,0.43732396
TEST_1167,0.43011123
TEST_1168,0.64030933
TEST_1169,0.49702388
TEST_1170,0.42413765
TEST_1171,0.38631445
TEST_1172,0.30283415
TEST_1173,0.3607356
TEST_1174,0.21779744
TEST_1175,0.48993057
TEST_1176,0.38627237
TEST_1177,0.6052966
TEST_1178,0.5715826
TEST_1179,0.39422795
TEST_1180,0.59402245
TEST_1181,0.19385499
TEST_1182,0.18194082
TEST_1183,0.6358389
TEST_1184,0.30903676
TEST_1185,0.5572936
TEST_1186,0.35016403
TEST_1187,0.6631191
TEST_1188,0.48857245
TEST_1189,0.47899905
TEST_1190,0.6682409
TEST_1191,0.41358072
TEST_1192,0.5437626
TEST_1193,0.45626056
TEST_1194,0.32702014
TEST_1195,0.73899597
TEST_1196,0.5583655
TEST_1197,0.2319158
TEST_1198,0.7570016
TEST_1199,0.6047821
TEST_1200,0.2823415
TEST_1201,0.46089506
TEST_1202,0.4559058
TEST_1203,0.5919395
TEST_1204,0.28193653
TEST_1205,0.19999008
TEST_1206,0.22398275
TEST_1207,0.42660677
TEST_1208,0.52829164
TEST_1209,0.4391025
TEST_1210,0.39248765
TEST_1211,0.4794088
TEST_1212,0.4639861
TEST_1213,0.43876356
TEST_1214,0.3435865
TEST_1215,0.7924015
TEST_1216,0.7536949
TEST_1217,0.1097279
TEST_1218,0.76222056
TEST_1219,0.063951515
TEST_1220,0.17720646
TEST_1221,0.4865876
TEST_1222,0.27207807
TEST_1223,0.48349994
TEST_1224,0.48249245
TEST_1225,0.49917728
TEST_1226,0.38507742
TEST_1227,0.44444218
TEST_1228,0.0813372
TEST_1229,0.35320333
TEST_1230,0.13927083
TEST_1231,0.4330402
TEST_1232,0.423017
TEST_1233,0.43977505
TEST_1234,0.28266647
TEST_1235,0.6317542
TEST_1236,0.6399232
TEST_1237,0.41967592
TEST_1238,0.7588442
TEST_1239,0.4615951
TEST_1240,0.34139076
TEST_1241,0.41561717
TEST_1242,0.31952518
TEST_1243,0.34754953
TEST_1244,0.52803725
TEST_1245,0.54383016
TEST_1246,0.50385404
TEST_1247,0.5081025
TEST_1248,0.48667428
TEST_1249,0.4021973
TEST_1250,0.3151057
TEST_1251,0.3074056
TEST_1252,0.47164834
TEST_1253,0.41244102
TEST_1254,0.6147889
TEST_1255,0.51079416
TEST_1256,0.32041094
TEST_1257,0.43047515
TEST_1258,0.5209759
TEST_1259,0.46414945
TEST_1260,0.6075783
TEST_1261,0.44370693
TEST_1262,0.36920884
TEST_1263,0.44121197
TEST_1264,0.3230197
TEST_1265,0.49487558
TEST_1266,0.4101925
TEST_1267,0.61506045
TEST_1268,0.21068873
TEST_1269,0.4353052
TEST_1270,0.46948618
TEST_1271,0.6467785
TEST_1272,0.24894045
TEST_1273,0.38285607
TEST_1274,0.38485685
TEST_1275,0.434896
TEST_1276,0.5307455
TEST_1277,0.26471803
TEST_1278,0.64948803
TEST_1279,0.45821792
TEST_1280,0.5635316
TEST_1281,0.44728446
TEST_1282,0.19015898
TEST_1283,0.31120685
TEST_1284,0.39723727
TEST_1285,0.24129252
TEST_1286,0.2699485
TEST_1287,0.39657035
TEST_1288,0.44784757
TEST_1289,0.45844248
TEST_1290,0.6161771
TEST_1291,0.08932256
TEST_1292,0.47390503
TEST_1293,0.43401918
TEST_1294,0.43264207
TEST_1295,0.37922144
TEST_1296,0.41426003
TEST_1297,0.5463931
TEST_1298,0.63338286
TEST_1299,0.30005714
TEST_1300,0.4588708
TEST_1301,0.519792
TEST_1302,0.36369926
TEST_1303,0.42779472
TEST_1304,0.36817315
TEST_1305,0.41949013
TEST_1306,0.3099393
TEST_1307,0.24106337
TEST_1308,0.20789829
TEST_1309,0.45159295
TEST_1310,0.56907004
TEST_1311,0.46706235
TEST_1312,0.5387753
TEST_1313,0.6243103
TEST_1314,0.67826915
TEST_1315,0.32268497
TEST_1316,0.68775845
TEST_1317,0.3657645
TEST_1318,0.4647578
TEST_1319,0.6420441
TEST_1320,0.4683807
TEST_1321,0.4682365
TEST_1322,0.5064435
TEST_1323,0.46170986
TEST_1324,0.45976958
TEST_1325,0.53178287
TEST_1326,0.48340815
TEST_1327,0.48718768
TEST_1328,0.4189317
TEST_1329,0.39633104
TEST_1330,0.5479213
TEST_1331,0.5590771
TEST_1332,0.47887835
TEST_1333,0.3636687
TEST_1334,0.6789668
TEST_1335,0.4228363
TEST_1336,0.42617986
TEST_1337,0.8220927
TEST_1338,0.5269781
TEST_1339,0.5298341
TEST_1340,0.60055435
TEST_1341,0.32210886
TEST_1342,0.38883945
TEST_1343,0.56591296
TEST_1344,0.72366935
TEST_1345,0.37990692
TEST_1346,0.650481
TEST_1347,0.4754776
TEST_1348,0.76185143
TEST_1349,0.21064332
TEST_1350,0.5944774
TEST_1351,0.49642855
TEST_1352,0.4830384
TEST_1353,0.44656342
TEST_1354,0.47755387
TEST_1355,0.5095081
TEST_1356,0.26559517
TEST_1357,0.38770038
TEST_1358,0.23122647
TEST_1359,0.5749669
TEST_1360,0.4023767
TEST_1361,0.44034696
TEST_1362,0.47601184
TEST_1363,0.37671182
TEST_1364,0.6288954
TEST_1365,0.6286292
TEST_1366,0.5541411
TEST_1367,0.31204513
TEST_1368,0.7087385
TEST_1369,0.7189849
TEST_1370,0.15508594
TEST_1371,0.5280217
TEST_1372,0.6210631
TEST_1373,0.55857176
TEST_1374,0.35954505
TEST_1375,0.5215782
TEST_1376,0.27724022
TEST_1377,0.44485474
TEST_1378,0.8004017
TEST_1379,0.64373356
TEST_1380,0.33697927
TEST_1381,0.35983646
TEST_1382,0.42719918
TEST_1383,0.29685256
TEST_1384,0.43780324
TEST_1385,0.56447655
TEST_1386,0.47442675
TEST_1387,0.3219167
TEST_1388,0.55579084
TEST_1389,0.40742102
TEST_1390,0.52434367
TEST_1391,0.2315602
TEST_1392,0.5929443
TEST_1393,0.17773858
TEST_1394,0.6593934
TEST_1395,0.6267879
TEST_1396,0.37324333
TEST_1397,0.4026959
TEST_1398,0.6493843
TEST_1399,0.62572145
TEST_1400,0.5785521
TEST_1401,0.17731772
TEST_1402,0.38142005
TEST_1403,0.4084821
TEST_1404,0.45804888
TEST_1405,0.4097978
TEST_1406,0.4774436
TEST_1407,0.10903397
TEST_1408,0.35069057
TEST_1409,0.5984326
TEST_1410,0.13455094
TEST_1411,0.38001654
TEST_1412,0.31136057
TEST_1413,0.16073318
TEST_1414,0.5133731
TEST_1415,0.5273722
TEST_1416,0.6669828
TEST_1417,0.45176134
TEST_1418,0.4798863
TEST_1419,0.3924962
TEST_1420,0.33776656
TEST_1421,0.35428223
TEST_1422,0.5486092
TEST_1423,0.7119556
TEST_1424,0.6426956
TEST_1425,0.25003678
TEST_1426,0.35071784
TEST_1427,0.6310072
TEST_1428,0.43457735
TEST_1429,0.57862365
TEST_1430,0.56138915
TEST_1431,0.39376777
TEST_1432,0.32003304
TEST_1433,0.54247594
TEST_1434,0.5417435
TEST_1435,0.6164142
TEST_1436,0.48642454
TEST_1437,0.38471454
TEST_1438,0.4326187
TEST_1439,0.2507389
TEST_1440,0.6605541
TEST_1441,0.33451372
TEST_1442,0.36892202
TEST_1443,0.38851166
TEST_1444,0.68156314
TEST_1445,0.21409328
TEST_1446,0.7583165
TEST_1447,0.4268268
TEST_1448,0.40023348
TEST_1449,0.29351583
TEST_1450,0.28289208
TEST_1451,0.51788086
TEST_1452,0.5903667
TEST_1453,0.3940493
TEST_1454,0.6634033
TEST_1455,0.3687876
TEST_1456,0.58417594
TEST_1457,0.37846804
TEST_1458,0.7155735
TEST_1459,0.43150282
TEST_1460,0.2249701
TEST_1461,0.33468655
TEST_1462,0.085986644
TEST_1463,0.6061955
TEST_1464,0.38903394
TEST_1465,0.47107682
TEST_1466,0.27615675
TEST_1467,0.3979619
TEST_1468,0.7566537
TEST_1469,0.11837314
TEST_1470,0.61661917
TEST_1471,0.5190678
TEST_1472,0.3757654
TEST_1473,0.111539006
TEST_1474,0.4706154
TEST_1475,0.32257903
TEST_1476,0.480308
TEST_1477,0.27140975
TEST_1478,0.5769095
TEST_1479,0.40118223
TEST_1480,0.43585512
TEST_1481,0.42971623
TEST_1482,0.5297698
TEST_1483,0.4604059
TEST_1484,0.45647663
TEST_1485,0.39395276
TEST_1486,0.54208714
TEST_1487,0.2581071
TEST_1488,0.61535853
TEST_1489,0.56976426
TEST_1490,0.34262452
TEST_1491,0.5676605
TEST_1492,0.15230832
TEST_1493,0.5838787
TEST_1494,0.3907946
TEST_1495,0.42881003
TEST_1496,0.50136817
TEST_1497,0.42250425
TEST_1498,0.6727072
TEST_1499,0.5581641
TEST_1500,0.42154217
TEST_1501,0.38497972
TEST_1502,0.65060943
TEST_1503,0.6324235
TEST_1504,0.70658904
TEST_1505,0.59349495
TEST_1506,0.40319797
TEST_1507,0.60460097
TEST_1508,0.6751571
TEST_1509,0.5602209
TEST_1510,0.21222176
TEST_1511,0.4002059
TEST_1512,0.59687954
TEST_1513,0.51991284
TEST_1514,0.4942866
TEST_1515,0.47746438
TEST_1516,0.3090611
TEST_1517,0.5924958
TEST_1518,0.26390865
TEST_1519,0.3335742
TEST_1520,0.4215681
TEST_1521,0.7253037
TEST_1522,0.6602731
TEST_1523,0.55484676
TEST_1524,0.4950896
TEST_1525,0.62099874
TEST_1526,0.6385697
TEST_1527,0.55392885
TEST_1528,0.33912477
TEST_1529,0.5552927
TEST_1530,0.42369848
TEST_1531,0.48434347
TEST_1532,0.41869426
TEST_1533,0.4630789
TEST_1534,0.46688205
TEST_1535,0.61473167
TEST_1536,0.46774542
TEST_1537,0.43009782
TEST_1538,0.563233
TEST_1539,0.32854393
TEST_1540,0.35074157
TEST_1541,0.32432517
TEST_1542,0.6031342
TEST_1543,0.3106434
TEST_1544,0.32877022
TEST_1545,0.7368445
TEST_1546,0.45557395
TEST_1547,0.39816517
TEST_1548,0.41561604
TEST_1549,0.34240648
TEST_1550,0.6182585
TEST_1551,0.45379788
TEST_1552,0.53508127
TEST_1553,0.2901473
TEST_1554,0.35989824
TEST_1555,0.48638478
TEST_1556,0.40145725
TEST_1557,0.67374516
TEST_1558,0.43035293
TEST_1559,0.3929507
TEST_1560,0.37606797
TEST_1561,0.28282785
TEST_1562,0.46925485
TEST_1563,0.63841224
TEST_1564,0.23330012
TEST_1565,0.47877932
TEST_1566,0.34575266
TEST_1567,0.6110248
TEST_1568,0.37579125
TEST_1569,0.2664508
TEST_1570,0.22151048
TEST_1571,0.4079417
TEST_1572,0.54080015
TEST_1573,0.39567533
TEST_1574,0.7269425
TEST_1575,0.40224916
TEST_1576,0.4940684
TEST_1577,0.49710163
TEST_1578,0.5069048
TEST_1579,0.5077596
TEST_1580,0.4245987
TEST_1581,0.30841383
TEST_1582,0.51101774
TEST_1583,0.5085795
TEST_1584,0.3270166
TEST_1585,0.5626083
TEST_1586,0.31828925
TEST_1587,0.37299654
TEST_1588,0.27769643
TEST_1589,0.3409687
TEST_1590,0.78722346
TEST_1591,0.49078742
TEST_1592,0.4812283
TEST_1593,0.45657977
TEST_1594,0.39685267
TEST_1595,0.5116675
TEST_1596,0.39741158
TEST_1597,0.31360486
TEST_1598,0.4903819
TEST_1599,0.5717633
TEST_1600,0.5715944
TEST_1601,0.3591096
TEST_1602,0.10184998
TEST_1603,0.2919487
TEST_1604,0.7751967
TEST_1605,0.55439687
TEST_1606,0.44863358
TEST_1607,0.31506768
TEST_1608,0.110509664
TEST_1609,0.58758837
TEST_1610,0.36899287
TEST_1611,0.5508082
TEST_1612,0.54038197
TEST_1613,0.33100942
TEST_1614,0.4016399
TEST_1615,0.5962988
TEST_1616,0.6811147
TEST_1617,0.22801882
TEST_1618,0.45931745
TEST_1619,0.44264817
TEST_1620,0.3603445
TEST_1621,0.4423204
TEST_1622,0.2549815
TEST_1623,0.4423674
TEST_1624,0.6062741
TEST_1625,0.65250325
TEST_1626,0.61552846
TEST_1627,0.53191596
TEST_1628,0.639055
TEST_1629,0.4702287
TEST_1630,0.49679804
TEST_1631,0.15826322
TEST_1632,0.36631435
TEST_1633,0.5229242
TEST_1634,0.32491675
TEST_1635,0.58829904
TEST_1636,0.43305367
TEST_1637,0.39120883
TEST_1638,0.4184755
TEST_1639,0.6903564
TEST_1640,0.59333456
TEST_1641,0.5606085
TEST_1642,0.2580634
TEST_1643,0.62955964
TEST_1644,0.65467596
TEST_1645,0.41715774
TEST_1646,0.3478943
TEST_1647,0.21285887
TEST_1648,0.36601922
TEST_1649,0.4708193
TEST_1650,0.38348088
TEST_1651,0.26803213
TEST_1652,0.29584447
TEST_1653,0.31023678
TEST_1654,0.39495862
TEST_1655,0.54910076
TEST_1656,0.44262856
TEST_1657,0.30591828
TEST_1658,0.3266481
TEST_1659,0.7127791
TEST_1660,0.5589021
TEST_1661,0.33312955
TEST_1662,0.5319037
TEST_1663,0.51853514
TEST_1664,0.53227186
TEST_1665,0.21106946
TEST_1666,0.5968873
TEST_1667,0.6638665
TEST_1668,0.42867893
TEST_1669,0.4581282
TEST_1670,0.26223844
TEST_1671,0.4588155
TEST_1672,0.37131605
TEST_1673,0.3685594
TEST_1674,0.31836665
TEST_1675,0.51165736
TEST_1676,0.53659004
TEST_1677,0.36130288
TEST_1678,0.38834372
TEST_1679,0.46900976
TEST_1680,0.5274328
TEST_1681,0.53573364
TEST_1682,0.38844377
TEST_1683,0.512913
TEST_1684,0.49279925
TEST_1685,0.2694902
TEST_1686,0.45640415
TEST_1687,0.6082155
TEST_1688,0.39804396
TEST_1689,0.4256456
TEST_1690,0.4033941
TEST_1691,0.40132734
TEST_1692,0.44394222
TEST_1693,0.4600214
TEST_1694,0.2885144
TEST_1695,0.41300586
TEST_1696,0.5259297
TEST_1697,0.4484689
TEST_1698,0.44658625
TEST_1699,0.6173968
TEST_1700,0.3855761
TEST_1701,0.6886081
TEST_1702,0.42606586
TEST_1703,0.48492667
TEST_1704,0.4190263
TEST_1705,0.3386866
TEST_1706,0.4135693
TEST_1707,0.55203795
TEST_1708,0.19382946
TEST_1709,0.28491437
TEST_1710,0.42206237
TEST_1711,0.21272773
TEST_1712,0.5359499
TEST_1713,0.36349568
TEST_1714,0.41628444
TEST_1715,0.5397223
TEST_1716,0.4481309
TEST_1717,0.72704345
TEST_1718,0.54551715
TEST_1719,0.5023451
TEST_1720,0.6575657
TEST_1721,0.3880796
TEST_1722,0.47018293
TEST_1723,0.24616262
TEST_1724,0.98701036
TEST_1725,0.32123613
TEST_1726,0.33285853
TEST_1727,0.32021058
TEST_1728,0.38647208
TEST_1729,0.6945346
TEST_1730,0.5850974
TEST_1731,0.33954826
TEST_1732,0.5796085
TEST_1733,0.6596583
TEST_1734,0.39908051
TEST_1735,0.43571404
TEST_1736,0.4075362
TEST_1737,0.62453735
TEST_1738,0.44530654
TEST_1739,0.3140786
TEST_1740,0.5147877
TEST_1741,0.3144329
TEST_1742,0.5459925
TEST_1743,0.47702497
TEST_1744,0.47445536
TEST_1745,0.25988057
TEST_1746,0.74201655
TEST_1747,0.7098299
TEST_1748,0.5148924
TEST_1749,0.44970486
TEST_1750,0.34744695
TEST_1751,0.0652718
TEST_1752,0.47292012
TEST_1753,0.42607015
TEST_1754,0.650406
TEST_1755,0.44664884
TEST_1756,0.5308031
TEST_1757,0.8249228
TEST_1758,0.37546912
TEST_1759,0.61692446
TEST_1760,0.53808415
TEST_1761,0.6418256
TEST_1762,0.28129283
TEST_1763,0.23263991
TEST_1764,0.57504904
TEST_1765,0.23104984
TEST_1766,0.5770051
TEST_1767,0.63561326
TEST_1768,0.51173425
TEST_1769,0.3957156
TEST_1770,0.79460526
TEST_1771,0.40024266
TEST_1772,0.61238825
TEST_1773,0.37637943
TEST_1774,0.7958839
TEST_1775,0.36007375
TEST_1776,0.71692634
TEST_1777,0.35359213
TEST_1778,0.41670093
TEST_1779,0.6136204
TEST_1780,0.6733647
TEST_1781,0.36899284
TEST_1782,0.7137846
TEST_1783,0.58999676
TEST_1784,0.375168
TEST_1785,0.33141366
TEST_1786,0.40702757
TEST_1787,0.54510486
TEST_1788,0.40044224
TEST_1789,0.3429589
TEST_1790,0.3602081
TEST_1791,0.40488726
TEST_1792,0.6778256
TEST_1793,0.5522191
TEST_1794,0.5061287
TEST_1795,0.49536383
TEST_1796,0.32999963
TEST_1797,0.6093642
TEST_1798,0.44998154
TEST_1799,0.5596159
TEST_1800,0.401214
TEST_1801,0.38176042
TEST_1802,0.4935151
TEST_1803,0.47871214
TEST_1804,0.3294837
TEST_1805,0.41548836
TEST_1806,0.34799087
TEST_1807,0.5056222
TEST_1808,0.3400263
TEST_1809,0.46533382
TEST_1810,0.39190537
TEST_1811,0.6099428
TEST_1812,0.20332707
TEST_1813,0.44283035
TEST_1814,0.41695872
TEST_1815,0.36615166
TEST_1816,0.36146504
TEST_1817,0.55308264
TEST_1818,0.45704502
TEST_1819,0.27069867
TEST_1820,0.42311966
TEST_1821,0.48714095
TEST_1822,0.80114275
TEST_1823,0.47693795
TEST_1824,0.5561384
TEST_1825,0.63542163
TEST_1826,0.3656138
TEST_1827,0.31840464
TEST_1828,0.42796907
TEST_1829,0.5423686
TEST_1830,0.17643178
TEST_1831,0.5840823
TEST_1832,0.41350228
TEST_1833,0.46325043
TEST_1834,0.7087565
TEST_1835,0.39467177
TEST_1836,0.45624003
TEST_1837,0.3355004
TEST_1838,0.43106255
TEST_1839,0.4097813
TEST_1840,0.50633454
TEST_1841,0.53802127
TEST_1842,0.3653601
TEST_1843,0.6644867
TEST_1844,0.5282793
TEST_1845,0.29814023
TEST_1846,0.40833908
TEST_1847,0.44007263
TEST_1848,0.51907176
TEST_1849,0.29279265
TEST_1850,0.25222495
TEST_1851,0.34729055
TEST_1852,0.7225427
TEST_1853,0.6701583
TEST_1854,0.4434139
TEST_1855,0.6224854
TEST_1856,0.33184227
TEST_1857,0.5025661
TEST_1858,0.4093079
TEST_1859,0.5283517
TEST_1860,0.4840489
TEST_1861,0.513233
TEST_1862,0.38222554
TEST_1863,0.3385158
TEST_1864,0.70017874
TEST_1865,0.4866706
TEST_1866,0.45339414
TEST_1867,0.69439995
TEST_1868,0.3926489
TEST_1869,0.49888426
TEST_1870,0.27119002
TEST_1871,0.33722064
TEST_1872,0.5858638
TEST_1873,0.6382009
TEST_1874,0.5350798
TEST_1875,0.26917392
TEST_1876,0.79021496
TEST_1877,0.25424388
TEST_1878,0.39627397
TEST_1879,0.76535445
TEST_1880,0.19184452
TEST_1881,0.47502875
TEST_1882,0.7466691
TEST_1883,0.47874445
TEST_1884,0.37214684
TEST_1885,0.5730742
TEST_1886,0.40472192
TEST_1887,0.35965422
TEST_1888,0.495281
TEST_1889,0.4635507
TEST_1890,0.4068246
TEST_1891,0.5417884
TEST_1892,0.45877504
TEST_1893,0.3961706
TEST_1894,0.37216404
TEST_1895,0.48270258
TEST_1896,0.45942122
TEST_1897,0.33594623
TEST_1898,0.4557592
TEST_1899,0.62175244
TEST_1900,0.4091393
TEST_1901,0.62153244
TEST_1902,0.17318474
TEST_1903,0.35981804
TEST_1904,0.30445892
TEST_1905,0.288083
TEST_1906,0.30664238
TEST_1907,0.16867103
TEST_1908,0.47062963
TEST_1909,0.4439383
TEST_1910,0.71233505
TEST_1911,0.33540154
TEST_1912,0.1900203
TEST_1913,0.32312882
TEST_1914,0.7257027
TEST_1915,0.4679504
TEST_1916,0.56747603
TEST_1917,0.38416678
TEST_1918,0.26265374
TEST_1919,0.21935135
TEST_1920,0.4010276
TEST_1921,0.39780796
TEST_1922,0.28304914
TEST_1923,0.2778543
TEST_1924,0.26024622
TEST_1925,0.43966344
TEST_1926,0.54721093
TEST_1927,0.58393383
TEST_1928,0.4293017
TEST_1929,0.6728394
TEST_1930,0.23371702
TEST_1931,0.34765035
TEST_1932,0.07551585
TEST_1933,0.50098336
TEST_1934,0.40767136
TEST_1935,0.5478087
TEST_1936,0.61958563
TEST_1937,0.48319715
TEST_1938,0.34455383
TEST_1939,0.1811684
TEST_1940,0.30248067
TEST_1941,0.31604722
TEST_1942,0.5527612
TEST_1943,0.35720512
TEST_1944,0.3312382
TEST_1945,0.392835
TEST_1946,0.48724055
TEST_1947,0.34496558
TEST_1948,0.6575903
TEST_1949,0.4878912
TEST_1950,0.4554157
TEST_1951,0.4243929
TEST_1952,0.40723145
TEST_1953,0.48961848
TEST_1954,0.35020632
TEST_1955,0.43865967
TEST_1956,0.46644685
TEST_1957,0.48471668
TEST_1958,0.4412745
TEST_1959,0.5023352
TEST_1960,0.47140267
TEST_1961,0.16006878
TEST_1962,0.6402782
TEST_1963,0.4233026
TEST_1964,0.5884643
TEST_1965,0.5340753
TEST_1966,0.30797502
TEST_1967,0.47637102
TEST_1968,0.45769703
TEST_1969,0.4090293
TEST_1970,0.33740675
TEST_1971,0.4131258
TEST_1972,0.6033948
TEST_1973,0.6788919
TEST_1974,0.52666825
TEST_1975,0.451924
TEST_1976,0.5835449
TEST_1977,0.42537865
TEST_1978,0.49544388
TEST_1979,0.2507731
TEST_1980,0.2245608
TEST_1981,0.15906562
TEST_1982,0.25891724
TEST_1983,0.5082231
TEST_1984,0.25746858
TEST_1985,0.2969896
TEST_1986,0.4089747
TEST_1987,0.6188663
TEST_1988,0.5321605
TEST_1989,0.43694052
TEST_1990,0.5226708
TEST_1991,0.481849
TEST_1992,0.34661373
TEST_1993,0.25586617
TEST_1994,0.3438833
TEST_1995,0.47205904
TEST_1996,0.5810135
TEST_1997,0.39752772
TEST_1998,0.66446096
TEST_1999,0.5544167
TEST_2000,0.32409346
TEST_2001,0.5203645
TEST_2002,0.59861845
TEST_2003,0.7135755
TEST_2004,0.18693385
TEST_2005,0.56460714
TEST_2006,0.3522885
TEST_2007,0.41403696
TEST_2008,0.22723626
TEST_2009,0.46708456
TEST_2010,0.4883644
TEST_2011,0.45650798
TEST_2012,0.43288383
TEST_2013,0.43605718
TEST_2014,0.16038732
TEST_2015,0.21529026
TEST_2016,0.52409095
TEST_2017,0.47322533
TEST_2018,0.44667774
TEST_2019,0.5710111
TEST_2020,0.5263894
TEST_2021,0.33790854
TEST_2022,0.46210235
TEST_2023,0.32761315
TEST_2024,0.5074313
TEST_2025,0.09023211
TEST_2026,0.42110467
TEST_2027,0.43327922
TEST_2028,0.30696982
TEST_2029,0.59237254
TEST_2030,0.4784764
TEST_2031,0.30414808
TEST_2032,0.46361268
TEST_2033,0.10325481
TEST_2034,0.15668063
TEST_2035,0.3644956
TEST_2036,0.4442891
TEST_2037,0.7530172
TEST_2038,0.53788966
TEST_2039,0.5642261
TEST_2040,0.52393514
TEST_2041,0.30909115
TEST_2042,0.46632487
TEST_2043,0.4945389
TEST_2044,0.5319124
TEST_2045,0.57820433
TEST_2046,0.5998919
TEST_2047,0.58580756
TEST_2048,0.5710329
TEST_2049,0.62104344
TEST_2050,0.23666431
TEST_2051,0.57675844
TEST_2052,0.32583955
TEST_2053,0.26781127
TEST_2054,0.7760491
TEST_2055,0.36950022
TEST_2056,0.50110394
TEST_2057,0.31856817
TEST_2058,0.3875306
TEST_2059,0.5284724
TEST_2060,0.46192592
TEST_2061,0.72163564
